MMWR_Year,MMWR_Week,Date,ALABAMA,ALASKA,ARIZONA,ARKANSAS,CALIFORNIA,COLORADO,CONNECTICUT,DELAWARE,FLORIDA,GEORGIA,HAWAII,IDAHO,ILLINOIS,INDIANA,IOWA,KANSAS,KENTUCKY,LOUISIANA,MAINE,MARYLAND,MASSACHUSETTS,MICHIGAN,MINNESOTA,MISSISSIPPI,MISSOURI,MONTANA,NEBRASKA,NEVADA,NEW.HAMPSHIRE,NEW.JERSEY,NEW.MEXICO,NEW.YORK,NORTH.CAROLINA,NORTH.DAKOTA,OHIO,OKLAHOMA,OREGON,PENNSYLVANIA,RHODE.ISLAND,SOUTH.CAROLINA,SOUTH.DAKOTA,TENNESSEE,TEXAS,UTAH,VERMONT,VIRGINIA,WASHINGTON,WEST.VIRGINIA,WISCONSIN,WYOMING
2014,1,2013-12-29,4,NA,24,NA,NA,NA,NA,NA,27,19,NA,NA,NA,NA,NA,NA,4,4,4,7,NA,4,NA,8,NA,2,5,NA,NA,NA,NA,NA,NA,NA,17,NA,NA,NA,NA,NA,NA,9,NA,NA,NA,NA,NA,NA,5,NA
2014,2,2014-01-05,5,1,25,NA,NA,NA,NA,NA,42,17,2,NA,NA,NA,NA,1,4,1,3,12,NA,6,NA,2,NA,NA,5,1,NA,NA,NA,NA,NA,NA,31,NA,NA,NA,NA,NA,NA,16,15,NA,NA,NA,NA,NA,7,NA
2014,3,2014-01-12,1,NA,18,NA,NA,NA,NA,NA,32,2,NA,NA,NA,NA,NA,NA,6,NA,NA,17,NA,3,NA,10,NA,NA,NA,NA,NA,NA,NA,NA,NA,NA,27,NA,NA,NA,NA,NA,NA,5,9,NA,2,NA,NA,NA,7,NA
2014,4,2014-01-19,2,NA,12,NA,NA,NA,NA,NA,10,12,NA,NA,NA,NA,NA,1,7,NA,1,7,NA,5,NA,NA,NA,1,4,NA,NA,NA,NA,NA,NA,NA,27,1,NA,NA,NA,NA,NA,18,15,NA,NA,NA,NA,NA,4,NA
2014,5,2014-01-26,1,NA,12,2,NA,NA,NA,1,22,7,1,NA,NA,NA,NA,NA,5,4,2,12,NA,2,NA,NA,NA,1,3,1,NA,NA,NA,NA,NA,NA,14,1,NA,NA,NA,NA,NA,9,35,NA,2,NA,NA,NA,6,NA
2014,6,2014-02-02,2,2,14,3,NA,NA,NA,1,28,12,NA,NA,NA,NA,NA,NA,5,1,2,14,NA,2,NA,1,NA,NA,3,NA,NA,NA,NA,NA,NA,NA,23,NA,NA,NA,NA,NA,NA,9,22,NA,2,NA,NA,NA,2,NA
2014,7,2014-02-09,3,2,18,NA,NA,NA,NA,NA,42,3,NA,NA,NA,NA,NA,NA,3,NA,3,10,NA,3,NA,7,NA,NA,4,NA,NA,NA,NA,NA,NA,NA,23,NA,NA,NA,NA,NA,NA,13,23,NA,NA,NA,NA,NA,2,NA
2014,8,2014-02-16,2,NA,20,NA,NA,NA,NA,1,35,8,2,NA,NA,NA,NA,NA,1,NA,3,6,NA,4,NA,NA,NA,3,4,NA,NA,NA,NA,NA,NA,NA,17,1,NA,NA,NA,NA,NA,4,33,NA,2,NA,NA,NA,6,NA
2014,9,2014-02-23,2,1,NA,NA,NA,NA,NA,1,46,9,NA,NA,NA,NA,NA,NA,2,2,1,7,NA,1,NA,NA,NA,NA,1,NA,NA,NA,NA,NA,NA,NA,23,1,NA,NA,NA,NA,NA,15,18,NA,NA,NA,NA,NA,1,NA
2014,10,2014-03-02,4,2,21,NA,NA,NA,NA,NA,37,3,3,NA,NA,NA,NA,NA,4,4,2,18,NA,4,NA,3,NA,1,NA,NA,NA,NA,NA,NA,NA,NA,20,NA,NA,NA,NA,NA,NA,11,22,NA,1,NA,NA,NA,1,NA
2014,11,2014-03-09,2,1,21,1,NA,NA,NA,NA,32,NA,2,NA,NA,NA,NA,1,NA,6,4,14,NA,1,NA,8,NA,NA,NA,NA,NA,NA,NA,NA,NA,NA,29,NA,NA,NA,NA,NA,NA,11,41,NA,NA,NA,NA,NA,2,NA
2014,12,2014-03-16,3,2,13,NA,NA,NA,NA,1,26,NA,1,NA,NA,NA,NA,NA,4,2,1,6,NA,3,NA,3,NA,NA,NA,NA,NA,NA,NA,NA,NA,NA,21,NA,NA,NA,NA,NA,NA,13,24,NA,NA,NA,NA,NA,6,NA
2014,13,2014-03-23,3,1,13,NA,NA,NA,NA,NA,24,3,2,NA,NA,NA,NA,NA,3,NA,2,12,NA,3,NA,2,NA,NA,NA,NA,NA,NA,NA,NA,NA,NA,24,NA,NA,NA,NA,NA,NA,14,45,NA,2,NA,NA,NA,7,NA
2014,14,2014-03-30,3,2,13,NA,NA,NA,NA,NA,32,NA,NA,NA,NA,NA,NA,5,3,2,3,4,NA,2,NA,NA,NA,NA,NA,NA,NA,NA,NA,NA,NA,NA,18,NA,NA,NA,NA,NA,NA,17,22,NA,1,NA,NA,NA,3,NA
2014,15,2014-04-06,2,2,22,2,NA,NA,NA,NA,NA,9,NA,NA,NA,NA,NA,NA,5,NA,4,1,NA,NA,NA,1,NA,NA,NA,NA,NA,NA,NA,NA,NA,NA,24,NA,NA,NA,NA,NA,NA,11,24,NA,NA,1,NA,NA,NA,NA
2014,16,2014-04-13,NA,4,NA,2,NA,5,NA,NA,17,4,NA,NA,NA,NA,NA,NA,5,2,1,6,NA,2,NA,NA,NA,1,NA,NA,NA,NA,NA,NA,NA,NA,20,NA,NA,NA,NA,NA,NA,7,15,NA,2,NA,NA,NA,5,NA
2014,17,2014-04-20,1,NA,NA,NA,NA,7,NA,NA,22,4,NA,NA,NA,NA,NA,NA,6,NA,2,14,NA,2,NA,NA,NA,NA,1,NA,NA,NA,NA,NA,NA,NA,31,NA,NA,NA,NA,NA,NA,17,26,NA,NA,NA,NA,NA,8,NA
2014,18,2014-04-27,4,2,8,4,NA,8,NA,2,27,8,NA,NA,NA,NA,NA,NA,NA,NA,4,11,NA,4,NA,NA,NA,NA,NA,NA,NA,NA,NA,NA,NA,NA,28,NA,NA,NA,NA,NA,NA,10,46,NA,2,NA,NA,NA,4,NA
2014,19,2014-05-04,NA,5,2,NA,NA,7,NA,1,14,6,2,NA,NA,NA,NA,NA,8,NA,3,6,NA,5,NA,NA,NA,NA,NA,NA,NA,NA,NA,NA,NA,NA,27,NA,NA,NA,NA,NA,NA,4,16,NA,NA,NA,NA,NA,5,NA
2014,20,2014-05-11,NA,2,4,1,NA,12,NA,NA,14,7,NA,NA,NA,NA,NA,NA,4,NA,5,10,NA,2,NA,1,NA,NA,NA,NA,NA,NA,NA,NA,NA,NA,28,NA,NA,NA,NA,NA,NA,8,22,NA,2,NA,NA,NA,5,NA
2014,21,2014-05-18,1,2,6,NA,NA,NA,NA,NA,13,9,NA,NA,NA,NA,NA,NA,1,1,5,6,1,1,NA,NA,NA,NA,NA,NA,NA,NA,NA,NA,NA,NA,20,NA,NA,NA,NA,NA,NA,8,19,NA,NA,NA,NA,NA,2,NA
2014,22,2014-05-25,NA,3,11,2,NA,4,NA,1,16,7,NA,NA,NA,NA,NA,NA,NA,2,2,5,NA,3,NA,NA,NA,NA,NA,1,NA,NA,NA,NA,NA,NA,20,NA,NA,NA,NA,NA,NA,2,23,NA,NA,NA,NA,NA,6,1
2014,23,2014-06-01,3,1,4,5,NA,8,NA,1,12,7,NA,NA,NA,NA,NA,1,2,5,1,10,NA,8,NA,NA,NA,1,NA,NA,NA,NA,NA,NA,NA,NA,11,NA,NA,NA,NA,NA,NA,15,24,NA,NA,NA,NA,NA,3,NA
2014,24,2014-06-08,NA,1,5,NA,NA,7,NA,NA,14,3,1,NA,NA,NA,NA,NA,1,3,1,7,NA,5,NA,NA,NA,1,NA,NA,NA,NA,NA,NA,NA,NA,NA,NA,NA,NA,NA,NA,NA,1,18,NA,1,NA,NA,NA,2,1
2014,25,2014-06-15,1,1,4,NA,NA,9,NA,NA,10,5,1,NA,NA,NA,NA,NA,NA,1,1,4,NA,2,NA,NA,NA,NA,NA,NA,NA,NA,NA,NA,NA,NA,18,NA,NA,NA,NA,NA,NA,7,12,NA,NA,NA,NA,NA,3,NA
2014,26,2014-06-22,1,1,7,1,NA,5,NA,NA,7,3,NA,NA,NA,NA,NA,NA,NA,NA,1,6,NA,2,NA,NA,NA,NA,NA,NA,NA,NA,NA,NA,NA,NA,9,NA,NA,NA,NA,NA,NA,8,13,NA,NA,NA,NA,NA,4,NA
2014,27,2014-06-29,NA,NA,2,NA,NA,7,NA,NA,11,NA,2,NA,NA,NA,NA,NA,NA,NA,1,6,NA,NA,NA,NA,NA,NA,NA,NA,NA,NA,NA,NA,NA,NA,10,NA,NA,NA,NA,NA,NA,8,15,NA,1,NA,NA,NA,3,NA
2014,28,2014-07-06,1,2,1,1,NA,1,NA,NA,7,1,1,NA,NA,NA,NA,NA,4,2,4,3,NA,NA,NA,NA,NA,NA,NA,NA,NA,NA,NA,NA,NA,NA,7,NA,NA,NA,NA,NA,NA,8,4,NA,NA,NA,NA,NA,4,NA
2014,29,2014-07-13,NA,NA,NA,NA,NA,3,NA,NA,8,3,NA,NA,NA,NA,NA,NA,1,NA,NA,4,NA,1,NA,NA,NA,NA,NA,NA,NA,NA,NA,NA,NA,NA,8,NA,NA,NA,NA,NA,NA,1,11,NA,1,NA,NA,NA,1,NA
2014,30,2014-07-20,1,1,2,1,NA,7,NA,NA,4,3,NA,NA,NA,NA,NA,NA,2,1,1,1,NA,NA,NA,1,NA,1,NA,NA,NA,NA,NA,NA,NA,NA,9,NA,NA,NA,NA,NA,NA,9,9,NA,NA,NA,NA,NA,2,NA
2014,31,2014-07-27,1,NA,3,NA,NA,3,NA,NA,7,2,NA,NA,NA,NA,NA,NA,2,1,NA,6,NA,2,NA,2,NA,NA,NA,NA,NA,NA,NA,NA,NA,NA,8,NA,NA,NA,NA,NA,NA,3,6,NA,NA,NA,NA,NA,2,NA
2014,32,2014-08-03,NA,NA,1,2,NA,NA,NA,1,5,1,NA,NA,NA,NA,NA,NA,NA,1,NA,2,NA,1,NA,NA,NA,NA,NA,1,NA,NA,NA,NA,NA,NA,12,NA,NA,NA,NA,NA,NA,5,13,NA,NA,NA,NA,NA,2,NA
2014,33,2014-08-10,NA,2,2,NA,NA,3,NA,NA,2,NA,NA,NA,NA,NA,NA,NA,NA,NA,2,4,NA,2,NA,NA,NA,NA,1,NA,NA,NA,NA,NA,NA,NA,5,NA,NA,NA,NA,NA,NA,7,9,NA,NA,NA,NA,NA,1,NA
2014,34,2014-08-17,NA,NA,1,1,NA,3,NA,NA,6,NA,NA,NA,NA,NA,NA,NA,1,2,1,1,NA,1,NA,1,NA,NA,NA,NA,NA,NA,NA,NA,NA,NA,9,NA,NA,NA,NA,NA,NA,6,2,NA,NA,NA,NA,NA,2,NA
2014,35,2014-08-24,NA,NA,3,NA,NA,NA,NA,NA,5,1,NA,NA,NA,NA,NA,NA,1,NA,1,3,NA,NA,NA,2,NA,NA,NA,NA,NA,NA,NA,NA,NA,NA,5,NA,NA,NA,NA,NA,NA,7,8,NA,NA,NA,NA,NA,2,NA
2014,36,2014-08-31,1,1,10,2,NA,NA,NA,NA,3,3,NA,NA,NA,NA,NA,NA,NA,2,NA,1,NA,NA,NA,1,NA,1,NA,NA,NA,NA,NA,NA,NA,NA,6,NA,NA,NA,NA,NA,NA,5,15,NA,NA,NA,NA,NA,2,NA
2014,37,2014-09-07,1,NA,4,NA,NA,4,NA,NA,5,4,NA,NA,NA,NA,NA,NA,1,NA,NA,3,NA,3,NA,1,NA,NA,NA,NA,NA,NA,NA,NA,NA,NA,4,NA,NA,NA,NA,NA,NA,9,13,NA,NA,NA,NA,NA,2,NA
2014,38,2014-09-14,2,2,5,1,NA,12,NA,NA,2,6,1,NA,NA,NA,NA,1,2,1,2,5,NA,1,NA,NA,NA,1,NA,NA,NA,NA,NA,NA,NA,NA,8,NA,NA,NA,NA,NA,NA,3,8,NA,NA,NA,NA,NA,NA,NA
2014,39,2014-09-21,2,NA,5,NA,NA,NA,NA,NA,6,2,NA,NA,NA,NA,NA,NA,NA,3,NA,7,NA,6,NA,6,NA,1,NA,NA,NA,NA,NA,NA,NA,NA,11,NA,NA,NA,NA,NA,NA,6,15,NA,NA,NA,NA,NA,5,NA
2014,40,2014-09-28,2,NA,2,2,NA,7,NA,NA,6,2,NA,NA,NA,NA,NA,2,NA,2,NA,4,NA,2,NA,1,NA,NA,2,NA,NA,NA,NA,NA,NA,NA,10,NA,NA,NA,NA,NA,NA,5,7,NA,1,NA,NA,NA,3,NA
2014,41,2014-10-05,1,4,4,NA,NA,9,NA,NA,6,2,NA,NA,NA,NA,NA,3,NA,1,NA,4,NA,1,NA,NA,NA,NA,1,1,NA,NA,NA,NA,NA,NA,11,NA,NA,NA,NA,NA,NA,1,5,NA,1,NA,NA,NA,2,NA
2014,42,2014-10-12,NA,3,1,NA,NA,NA,NA,NA,6,NA,NA,NA,NA,NA,NA,1,NA,3,2,1,NA,NA,NA,1,NA,1,4,NA,NA,NA,NA,NA,NA,NA,6,NA,NA,NA,NA,NA,NA,3,14,NA,1,NA,NA,NA,8,NA
2014,43,2014-10-19,2,1,6,NA,NA,10,NA,1,9,NA,NA,NA,NA,NA,NA,NA,NA,1,NA,3,NA,3,NA,NA,NA,NA,NA,1,NA,NA,NA,NA,NA,NA,15,NA,NA,NA,NA,NA,NA,2,16,NA,1,NA,NA,NA,7,NA
2014,44,2014-10-26,NA,NA,1,NA,NA,8,NA,1,5,3,NA,NA,NA,NA,NA,1,3,NA,NA,2,NA,3,NA,1,NA,NA,7,NA,NA,NA,NA,NA,NA,NA,10,NA,NA,NA,NA,NA,NA,5,13,NA,2,NA,NA,NA,2,NA
2014,45,2014-11-02,NA,1,6,1,NA,6,NA,1,1,4,NA,NA,NA,NA,NA,NA,NA,NA,1,4,NA,3,NA,NA,NA,1,4,NA,NA,NA,NA,NA,NA,NA,12,NA,NA,NA,NA,NA,NA,4,13,NA,NA,1,NA,NA,NA,NA
2014,46,2014-11-09,2,2,6,NA,NA,8,NA,NA,9,NA,NA,NA,NA,NA,NA,NA,NA,NA,NA,4,NA,3,NA,NA,NA,NA,1,NA,NA,NA,NA,NA,NA,NA,26,NA,NA,NA,NA,NA,NA,3,24,NA,3,NA,NA,NA,4,NA
2014,47,2014-11-16,1,NA,3,2,NA,6,NA,NA,9,5,NA,NA,NA,NA,NA,NA,1,NA,1,9,NA,3,NA,NA,NA,NA,2,NA,NA,NA,NA,NA,NA,NA,22,NA,NA,NA,NA,NA,NA,6,23,NA,2,NA,NA,NA,3,NA
2014,48,2014-11-23,2,3,3,2,NA,4,NA,1,10,NA,NA,NA,NA,NA,NA,NA,2,NA,2,8,NA,1,NA,3,NA,1,3,NA,NA,NA,NA,NA,NA,NA,17,NA,NA,NA,NA,NA,NA,7,9,NA,NA,NA,NA,NA,1,NA
2014,49,2014-11-30,1,NA,18,3,NA,13,NA,NA,15,6,1,NA,NA,NA,NA,4,NA,NA,2,12,NA,4,NA,2,NA,NA,4,NA,NA,NA,NA,NA,NA,NA,27,NA,NA,NA,NA,NA,NA,12,26,NA,1,NA,NA,NA,NA,NA
2014,50,2014-12-07,NA,2,13,NA,NA,NA,NA,NA,16,6,NA,NA,NA,NA,NA,NA,NA,5,2,10,1,3,NA,3,NA,NA,2,NA,NA,NA,NA,NA,NA,NA,NA,NA,NA,NA,NA,NA,NA,16,40,NA,1,NA,NA,NA,3,NA
2014,51,2014-12-14,3,NA,2,3,NA,17,NA,NA,11,6,NA,NA,NA,NA,NA,NA,NA,4,1,7,1,2,NA,3,NA,NA,4,NA,NA,NA,NA,NA,NA,NA,21,NA,NA,NA,NA,NA,NA,21,27,NA,NA,NA,NA,NA,NA,NA
2014,52,2014-12-21,NA,NA,8,NA,NA,NA,NA,NA,9,2,NA,NA,NA,NA,NA,NA,NA,4,1,4,NA,NA,NA,NA,NA,NA,5,NA,NA,NA,NA,NA,NA,NA,16,NA,NA,NA,NA,NA,NA,7,NA,NA,1,NA,NA,NA,4,NA
2014,53,2014-12-28,4,2,14,4,NA,NA,NA,2,13,NA,NA,NA,NA,NA,NA,NA,NA,9,5,9,10,3,NA,1,NA,1,6,NA,NA,NA,NA,NA,NA,NA,42,NA,NA,NA,NA,NA,NA,14,22,NA,2,NA,NA,NA,8,NA
2015,1,2015-01-04,2,NA,26,1,NA,NA,NA,NA,17,16,3,NA,NA,NA,NA,NA,1,15,4,17,NA,11,NA,NA,NA,1,3,2,NA,NA,NA,NA,NA,NA,54,NA,NA,NA,NA,NA,NA,37,10,NA,NA,NA,NA,NA,9,NA
2015,2,2015-01-11,3,2,6,2,NA,NA,NA,2,12,6,1,NA,NA,NA,NA,NA,2,1,1,21,NA,7,NA,NA,NA,NA,3,NA,NA,NA,NA,NA,NA,NA,33,NA,NA,NA,NA,NA,NA,26,25,NA,2,NA,NA,NA,1,NA
2015,3,2015-01-18,NA,2,14,1,NA,NA,NA,NA,8,NA,NA,NA,NA,NA,NA,NA,NA,13,5,9,NA,4,NA,NA,NA,NA,5,NA,NA,NA,NA,NA,NA,NA,19,NA,NA,NA,NA,NA,NA,12,13,NA,NA,NA,NA,NA,NA,NA
2015,4,2015-01-25,6,4,4,2,NA,NA,NA,NA,11,5,NA,NA,NA,NA,NA,1,NA,16,2,5,NA,3,NA,4,NA,NA,2,NA,NA,NA,NA,NA,NA,NA,23,NA,NA,NA,NA,NA,NA,24,44,NA,1,NA,NA,NA,5,NA
2015,5,2015-02-01,5,1,17,1,NA,NA,NA,NA,8,5,NA,NA,NA,NA,NA,2,NA,10,3,3,NA,1,NA,4,NA,1,3,2,NA,NA,NA,NA,NA,NA,19,NA,NA,NA,NA,NA,NA,10,25,NA,1,NA,NA,NA,5,NA
2015,6,2015-02-08,2,NA,11,3,NA,NA,NA,1,10,7,NA,NA,NA,NA,NA,NA,NA,1,3,7,NA,2,NA,3,NA,NA,7,NA,NA,NA,NA,NA,NA,NA,18,NA,NA,NA,NA,NA,NA,12,33,NA,1,NA,NA,NA,3,NA
2015,7,2015-02-15,NA,1,10,2,NA,15,NA,1,10,2,1,NA,NA,NA,NA,2,4,8,2,8,NA,NA,NA,4,NA,2,6,NA,NA,NA,NA,NA,NA,NA,18,NA,NA,NA,NA,NA,NA,6,34,NA,1,NA,NA,NA,5,NA
2015,8,2015-02-22,2,3,14,3,NA,NA,NA,2,14,7,1,NA,NA,NA,NA,2,NA,6,2,8,NA,5,NA,4,NA,1,1,3,NA,NA,NA,NA,NA,NA,29,NA,NA,NA,NA,NA,NA,26,35,NA,NA,NA,NA,NA,6,NA
2015,9,2015-03-01,NA,NA,15,1,NA,NA,NA,NA,13,8,NA,NA,NA,2,NA,3,NA,1,5,6,NA,4,NA,NA,NA,1,2,NA,NA,NA,NA,NA,NA,NA,18,NA,NA,NA,NA,NA,NA,9,46,NA,2,NA,NA,NA,4,NA
2015,10,2015-03-08,5,4,11,NA,NA,12,NA,3,14,8,NA,NA,NA,NA,NA,1,3,NA,1,10,7,3,NA,2,NA,NA,5,1,NA,NA,NA,NA,NA,NA,29,NA,NA,NA,NA,NA,NA,8,30,NA,NA,NA,NA,NA,9,1
2015,11,2015-03-15,2,NA,12,3,NA,NA,NA,3,12,3,NA,NA,NA,NA,NA,1,1,9,1,13,4,3,NA,1,NA,NA,7,NA,NA,NA,NA,NA,NA,NA,16,NA,NA,NA,NA,NA,NA,12,35,NA,NA,NA,NA,NA,NA,1
2015,12,2015-03-22,1,4,6,1,NA,NA,NA,NA,7,17,NA,NA,NA,1,NA,1,NA,7,3,7,NA,8,NA,1,NA,NA,NA,NA,NA,NA,NA,NA,NA,NA,20,NA,NA,NA,NA,NA,NA,16,23,NA,NA,NA,NA,NA,NA,NA
2015,13,2015-03-29,1,4,3,4,NA,NA,NA,NA,15,6,NA,NA,NA,NA,NA,1,NA,11,3,6,NA,4,NA,5,NA,1,3,NA,NA,NA,NA,NA,NA,NA,28,NA,NA,NA,NA,NA,NA,16,NA,NA,2,NA,NA,NA,6,NA
2015,14,2015-04-05,NA,1,16,2,NA,NA,NA,1,9,4,NA,NA,NA,1,NA,3,8,8,1,8,10,7,NA,2,NA,NA,2,1,NA,NA,NA,NA,NA,NA,22,NA,NA,NA,NA,NA,NA,9,19,NA,3,NA,NA,NA,7,2
2015,15,2015-04-12,NA,4,15,1,NA,NA,NA,2,8,4,NA,NA,NA,NA,NA,NA,NA,8,4,12,NA,9,NA,NA,NA,1,3,NA,NA,NA,NA,NA,NA,NA,27,NA,NA,NA,NA,NA,NA,10,23,NA,NA,NA,NA,NA,6,NA
2015,16,2015-04-19,NA,1,11,NA,NA,NA,NA,NA,5,2,NA,NA,NA,NA,NA,1,1,6,3,20,5,6,NA,NA,NA,1,2,NA,NA,NA,NA,NA,NA,NA,39,NA,NA,NA,NA,NA,NA,9,12,NA,2,NA,NA,NA,7,NA
2015,17,2015-04-26,NA,3,17,2,NA,NA,NA,1,5,1,NA,NA,NA,NA,NA,2,NA,9,3,6,NA,10,NA,2,NA,1,1,1,NA,NA,NA,NA,NA,NA,32,NA,NA,NA,NA,NA,NA,15,17,NA,2,NA,NA,NA,2,4
2015,18,2015-05-03,2,1,11,5,NA,NA,NA,NA,6,8,NA,NA,NA,1,NA,NA,NA,6,5,13,NA,4,NA,1,NA,NA,2,NA,NA,NA,NA,NA,NA,NA,22,NA,NA,NA,NA,NA,NA,8,29,NA,NA,NA,NA,NA,4,1
2015,19,2015-05-10,NA,1,16,2,NA,NA,NA,NA,13,7,NA,NA,NA,NA,NA,NA,NA,3,4,7,5,5,NA,2,NA,1,6,NA,NA,NA,NA,NA,NA,NA,22,NA,NA,NA,NA,NA,NA,8,41,NA,1,NA,NA,NA,1,NA
2015,20,2015-05-17,NA,2,13,NA,NA,NA,NA,NA,9,2,NA,NA,NA,NA,NA,NA,5,4,1,5,NA,7,NA,3,NA,2,1,NA,NA,NA,NA,NA,NA,NA,23,NA,NA,NA,NA,NA,NA,8,21,NA,2,NA,NA,NA,1,NA
2015,21,2015-05-24,1,2,10,4,NA,NA,NA,1,6,5,3,NA,NA,NA,NA,NA,NA,3,NA,4,10,5,NA,3,NA,1,1,NA,NA,NA,NA,NA,NA,NA,22,NA,NA,NA,NA,NA,NA,13,23,NA,2,NA,NA,NA,6,NA
2015,22,2015-05-31,NA,1,5,2,NA,NA,NA,1,8,3,NA,NA,NA,NA,NA,NA,NA,2,2,9,NA,3,NA,1,NA,NA,2,1,NA,NA,NA,NA,NA,NA,20,NA,NA,3,NA,NA,NA,10,28,NA,NA,NA,NA,NA,5,NA
2015,23,2015-06-07,NA,1,7,NA,NA,NA,NA,4,8,3,NA,NA,NA,NA,NA,2,NA,2,3,5,NA,NA,NA,NA,NA,NA,2,1,NA,NA,NA,NA,NA,NA,13,NA,NA,4,NA,NA,NA,8,24,NA,1,NA,NA,NA,4,NA
2015,24,2015-06-14,1,2,8,1,NA,NA,NA,NA,7,3,NA,NA,NA,NA,NA,NA,NA,6,NA,4,2,4,NA,NA,NA,1,1,NA,NA,NA,NA,NA,NA,NA,11,NA,NA,4,NA,NA,NA,9,13,NA,NA,NA,NA,NA,NA,NA
2015,25,2015-06-21,NA,NA,8,1,NA,NA,NA,NA,8,NA,NA,NA,NA,NA,NA,1,NA,3,1,2,2,5,NA,NA,NA,NA,1,NA,NA,NA,NA,NA,NA,NA,11,NA,NA,2,NA,NA,NA,5,16,NA,NA,NA,NA,NA,3,NA
2015,26,2015-06-28,NA,2,6,NA,NA,NA,NA,NA,1,2,1,NA,NA,NA,NA,NA,NA,NA,4,2,1,1,NA,2,NA,NA,1,NA,NA,NA,NA,NA,NA,NA,7,NA,NA,2,NA,NA,NA,4,13,NA,2,NA,NA,NA,4,NA
2015,27,2015-07-05,1,5,6,2,NA,NA,NA,1,8,7,NA,NA,NA,NA,NA,NA,NA,1,3,6,1,3,1,NA,NA,NA,2,NA,NA,NA,NA,NA,NA,NA,9,NA,NA,3,NA,NA,NA,5,8,NA,NA,NA,NA,NA,2,NA
2015,28,2015-07-12,NA,1,7,2,NA,NA,NA,NA,6,NA,NA,NA,NA,NA,NA,NA,NA,NA,2,2,6,1,NA,2,NA,NA,2,NA,NA,NA,NA,NA,NA,NA,13,NA,NA,NA,NA,NA,NA,24,10,NA,NA,NA,NA,NA,NA,NA
2015,29,2015-07-19,1,NA,8,3,NA,NA,NA,NA,2,1,NA,NA,NA,NA,NA,NA,4,3,NA,5,NA,2,NA,NA,NA,NA,NA,NA,NA,NA,NA,NA,NA,NA,15,NA,NA,6,NA,NA,NA,8,10,NA,NA,NA,NA,NA,NA,NA
2015,30,2015-07-26,NA,NA,1,2,NA,NA,NA,NA,3,2,NA,NA,NA,NA,NA,NA,NA,6,3,5,1,1,NA,NA,NA,NA,NA,NA,NA,NA,NA,NA,NA,NA,9,NA,NA,3,NA,NA,NA,4,16,NA,NA,NA,NA,NA,NA,NA
2015,31,2015-08-02,NA,2,2,NA,NA,NA,NA,1,3,1,NA,NA,NA,NA,NA,1,NA,8,NA,3,NA,1,NA,2,NA,NA,1,1,NA,NA,NA,NA,NA,NA,7,NA,NA,1,NA,NA,NA,1,12,NA,NA,NA,NA,NA,2,NA
2015,32,2015-08-09,NA,4,3,NA,NA,4,NA,1,3,4,NA,NA,NA,NA,NA,NA,NA,5,1,3,NA,1,NA,NA,NA,NA,3,NA,NA,NA,NA,NA,NA,NA,7,NA,NA,3,NA,NA,NA,4,12,NA,NA,NA,NA,NA,3,NA
2015,33,2015-08-16,2,NA,2,3,NA,7,NA,NA,5,1,NA,NA,NA,NA,NA,NA,1,NA,NA,4,2,NA,NA,NA,NA,NA,NA,1,NA,NA,NA,NA,NA,NA,4,NA,NA,3,NA,NA,NA,2,7,NA,NA,NA,NA,NA,5,NA
2015,34,2015-08-23,NA,NA,3,NA,NA,NA,NA,1,3,4,NA,NA,NA,NA,NA,1,NA,4,1,3,5,2,NA,NA,NA,NA,1,NA,NA,NA,NA,NA,NA,NA,7,NA,NA,1,NA,NA,NA,4,11,NA,NA,NA,NA,NA,NA,NA
2015,35,2015-08-30,NA,NA,4,1,NA,NA,NA,2,4,3,NA,NA,NA,NA,NA,NA,2,2,2,3,NA,NA,NA,NA,NA,NA,NA,1,NA,NA,NA,NA,NA,NA,12,NA,NA,2,NA,NA,NA,5,10,NA,NA,1,NA,NA,3,NA
2015,36,2015-09-06,3,2,5,NA,NA,NA,NA,1,7,6,NA,NA,NA,NA,NA,NA,NA,2,NA,4,5,2,NA,NA,NA,NA,NA,NA,NA,NA,NA,NA,NA,NA,14,NA,NA,NA,NA,NA,NA,5,6,NA,1,NA,NA,NA,4,NA
2015,37,2015-09-13,2,NA,4,1,NA,NA,NA,NA,4,12,NA,NA,NA,NA,NA,NA,NA,13,3,6,2,5,NA,1,NA,1,3,NA,NA,NA,NA,NA,NA,NA,7,NA,NA,4,NA,NA,NA,2,21,NA,2,NA,NA,NA,2,NA
2015,38,2015-09-20,2,NA,8,1,NA,NA,NA,1,10,3,NA,NA,NA,NA,NA,NA,2,4,NA,NA,4,5,NA,1,NA,NA,NA,1,NA,NA,NA,NA,NA,NA,23,NA,NA,2,NA,NA,NA,3,17,NA,NA,NA,NA,NA,4,NA
2015,39,2015-09-27,1,1,6,1,NA,NA,1,1,10,4,1,NA,NA,NA,NA,1,NA,5,NA,1,NA,4,NA,1,NA,NA,1,NA,NA,NA,NA,NA,NA,NA,12,NA,NA,6,NA,NA,NA,2,12,NA,NA,NA,NA,NA,2,NA
2015,40,2015-10-04,1,2,3,1,NA,NA,NA,NA,9,1,NA,NA,NA,NA,NA,1,1,6,1,7,NA,4,NA,1,NA,1,NA,NA,NA,NA,NA,NA,NA,NA,11,NA,NA,7,NA,NA,NA,4,15,NA,NA,NA,NA,NA,6,NA
2015,41,2015-10-11,2,1,5,2,NA,NA,NA,NA,7,NA,NA,NA,NA,NA,NA,NA,NA,4,NA,5,7,4,NA,NA,NA,NA,NA,NA,NA,NA,NA,NA,NA,NA,9,NA,NA,4,NA,NA,NA,9,21,NA,2,NA,NA,NA,6,NA
2015,42,2015-10-18,2,NA,6,4,NA,NA,NA,NA,14,9,NA,NA,NA,NA,NA,NA,NA,NA,1,10,3,2,NA,3,NA,NA,NA,NA,NA,NA,NA,NA,NA,NA,11,NA,NA,5,NA,NA,NA,1,19,NA,3,NA,NA,NA,4,NA
2015,43,2015-10-25,2,2,6,NA,NA,NA,NA,1,10,7,NA,NA,NA,NA,NA,NA,NA,NA,3,12,NA,3,NA,NA,NA,1,NA,NA,NA,NA,NA,NA,NA,NA,18,NA,NA,5,NA,NA,NA,12,21,NA,NA,NA,NA,NA,1,NA
2015,44,2015-11-01,2,1,7,2,NA,NA,NA,NA,8,8,NA,NA,NA,NA,NA,NA,4,NA,2,3,NA,3,NA,1,NA,NA,NA,NA,NA,NA,NA,NA,NA,NA,14,NA,NA,2,NA,NA,NA,9,16,NA,1,NA,NA,NA,3,NA
2015,45,2015-11-08,3,1,5,3,NA,NA,NA,NA,5,3,NA,NA,NA,NA,NA,NA,NA,3,NA,6,NA,2,NA,2,NA,1,NA,NA,NA,NA,NA,NA,NA,NA,19,NA,NA,3,NA,NA,NA,16,6,NA,1,NA,NA,NA,4,1
2015,46,2015-11-15,3,1,9,2,NA,NA,NA,NA,6,15,NA,NA,NA,NA,NA,NA,2,4,NA,10,5,3,NA,1,NA,NA,NA,1,NA,NA,NA,NA,NA,NA,19,NA,NA,8,NA,NA,NA,19,28,NA,1,NA,NA,NA,3,NA
2015,47,2015-11-22,1,2,12,5,NA,NA,4,1,5,1,NA,NA,NA,NA,NA,NA,1,5,NA,5,4,4,NA,2,NA,NA,NA,NA,NA,NA,NA,NA,NA,NA,20,NA,NA,1,NA,NA,NA,7,18,NA,1,NA,NA,NA,3,NA
2015,48,2015-11-29,6,2,28,6,NA,NA,NA,3,12,11,NA,NA,NA,NA,NA,NA,NA,6,4,11,NA,4,NA,3,NA,NA,NA,1,NA,NA,NA,NA,NA,NA,27,NA,NA,4,NA,NA,NA,9,41,NA,2,1,NA,NA,7,NA
2015,49,2015-12-06,NA,3,23,1,NA,NA,NA,NA,6,16,NA,NA,NA,NA,NA,NA,NA,4,2,10,NA,4,NA,1,NA,NA,NA,NA,NA,NA,NA,NA,NA,NA,27,NA,NA,3,NA,NA,NA,9,46,NA,1,NA,NA,NA,3,1
2015,50,2015-12-13,1,1,18,2,NA,1,NA,1,5,NA,NA,NA,NA,NA,NA,NA,NA,10,4,6,NA,7,NA,1,NA,NA,NA,NA,NA,NA,NA,NA,NA,NA,19,NA,NA,4,NA,NA,NA,27,26,NA,NA,1,NA,NA,NA,NA
2015,51,2015-12-20,NA,NA,28,NA,NA,NA,NA,1,12,9,NA,NA,NA,NA,NA,NA,NA,3,NA,5,NA,5,NA,4,NA,NA,NA,NA,NA,NA,NA,NA,NA,NA,22,NA,NA,3,NA,NA,NA,10,29,NA,2,NA,NA,NA,3,NA
2015,52,2015-12-27,NA,1,29,2,NA,NA,NA,NA,14,5,NA,NA,NA,NA,NA,NA,5,2,1,3,NA,4,NA,2,NA,NA,NA,NA,NA,NA,NA,NA,NA,NA,35,NA,NA,7,NA,NA,NA,5,5,NA,1,NA,NA,NA,7,NA
2016,1,2016-01-03,6,1,33,1,NA,NA,NA,NA,29,8,NA,NA,NA,NA,NA,NA,NA,NA,4,16,8,11,NA,7,NA,3,7,NA,NA,NA,NA,NA,NA,NA,41,NA,NA,9,NA,NA,NA,25,6,NA,NA,NA,NA,NA,15,NA
2016,2,2016-01-10,NA,1,31,3,NA,NA,NA,NA,23,6,NA,NA,NA,NA,NA,NA,3,NA,4,14,NA,5,NA,3,NA,NA,5,5,NA,NA,NA,NA,NA,NA,23,NA,NA,10,NA,NA,NA,10,24,NA,4,NA,NA,NA,3,NA
2016,3,2016-01-17,1,2,17,2,NA,NA,NA,1,13,1,NA,NA,NA,NA,NA,NA,NA,NA,3,6,NA,2,NA,3,NA,NA,2,NA,NA,NA,NA,NA,NA,NA,34,NA,NA,8,NA,NA,NA,10,17,NA,1,NA,NA,NA,5,NA
2016,4,2016-01-24,NA,1,30,3,NA,NA,NA,NA,24,2,NA,NA,NA,NA,NA,NA,NA,14,1,5,NA,4,NA,2,NA,NA,2,NA,NA,NA,NA,NA,NA,NA,25,NA,NA,3,NA,NA,NA,17,21,NA,1,NA,NA,NA,2,NA
2016,5,2016-01-31,4,3,27,1,NA,NA,NA,NA,19,14,NA,NA,NA,NA,NA,NA,NA,6,1,3,NA,5,NA,2,NA,NA,5,NA,NA,NA,NA,NA,NA,NA,33,NA,NA,6,NA,NA,NA,16,24,NA,3,NA,NA,NA,7,NA
2016,6,2016-02-07,1,1,34,1,NA,NA,NA,1,10,7,NA,NA,NA,NA,NA,NA,NA,10,2,10,NA,11,NA,3,NA,2,2,2,NA,NA,NA,NA,NA,NA,26,NA,NA,4,NA,NA,NA,15,48,NA,NA,NA,NA,NA,6,NA
2016,7,2016-02-14,5,1,41,1,NA,NA,NA,2,21,6,2,NA,NA,NA,NA,NA,NA,8,NA,8,NA,7,NA,5,NA,1,2,NA,NA,NA,NA,NA,NA,NA,20,NA,NA,10,NA,NA,NA,14,33,NA,2,NA,NA,NA,4,NA
2016,8,2016-02-21,2,3,44,4,NA,NA,NA,NA,20,16,NA,NA,NA,NA,NA,NA,NA,16,1,15,5,9,NA,7,NA,NA,2,NA,NA,NA,NA,NA,NA,NA,30,NA,NA,8,NA,NA,NA,9,34,NA,NA,NA,NA,NA,6,NA
2016,9,2016-02-28,1,1,25,6,NA,NA,2,NA,15,15,NA,NA,NA,NA,NA,NA,NA,5,6,8,7,3,NA,7,NA,1,5,NA,NA,NA,NA,NA,NA,NA,28,NA,NA,8,NA,NA,NA,15,57,NA,1,NA,NA,NA,4,NA
2016,10,2016-03-06,4,1,22,1,NA,NA,NA,1,11,13,1,NA,NA,NA,NA,NA,NA,6,1,6,NA,6,NA,6,NA,NA,3,2,NA,NA,NA,NA,NA,NA,35,NA,NA,6,NA,NA,NA,12,43,NA,1,1,NA,NA,3,1
2016,11,2016-03-13,2,3,36,2,NA,NA,1,NA,19,17,NA,NA,NA,NA,NA,NA,NA,5,2,12,NA,9,NA,NA,NA,2,8,NA,NA,NA,NA,NA,NA,NA,24,NA,NA,8,NA,NA,NA,8,46,NA,1,1,NA,NA,9,1
2016,12,2016-03-20,NA,1,27,1,NA,NA,NA,NA,14,10,NA,NA,NA,NA,NA,NA,3,3,2,13,NA,3,NA,2,NA,2,4,NA,NA,NA,NA,NA,NA,NA,33,NA,NA,5,NA,NA,NA,17,23,NA,NA,NA,NA,NA,1,NA
2016,13,2016-03-27,NA,4,20,4,NA,NA,NA,NA,13,7,NA,NA,NA,NA,NA,NA,NA,3,4,18,NA,NA,NA,1,NA,1,7,NA,NA,NA,NA,NA,NA,NA,30,NA,NA,11,NA,NA,NA,19,38,NA,NA,1,NA,NA,9,NA
2016,14,2016-04-03,3,NA,20,4,NA,NA,NA,1,8,4,NA,NA,NA,NA,NA,NA,NA,2,7,10,NA,7,NA,1,NA,3,6,1,NA,NA,NA,NA,NA,NA,27,NA,NA,10,NA,NA,NA,17,33,NA,1,NA,NA,NA,1,NA
2016,15,2016-04-10,NA,2,26,13,NA,NA,NA,3,62,13,NA,NA,NA,1,NA,NA,NA,7,3,13,NA,9,NA,NA,NA,2,4,NA,NA,NA,NA,NA,NA,NA,25,NA,NA,8,NA,NA,NA,18,34,NA,NA,NA,NA,NA,10,NA
2016,16,2016-04-17,NA,2,25,2,NA,NA,NA,1,18,4,NA,NA,NA,NA,NA,NA,NA,4,4,11,NA,6,NA,NA,NA,NA,2,NA,NA,NA,NA,NA,NA,NA,22,NA,NA,7,NA,NA,NA,12,8,NA,2,NA,NA,NA,6,NA
2016,17,2016-04-24,NA,NA,NA,1,NA,NA,1,1,10,5,NA,NA,NA,2,NA,NA,NA,5,1,8,7,2,NA,2,NA,1,4,1,NA,NA,NA,NA,NA,NA,30,NA,NA,7,NA,NA,NA,10,NA,NA,1,NA,NA,NA,6,NA
2016,18,2016-05-01,NA,3,6,2,NA,NA,NA,1,11,6,NA,NA,NA,NA,NA,NA,NA,4,3,7,NA,4,NA,1,NA,1,1,NA,NA,NA,NA,NA,NA,NA,25,NA,NA,7,NA,NA,NA,8,8,NA,1,NA,NA,NA,9,1
2016,19,2016-05-08,4,NA,11,NA,NA,NA,NA,2,8,7,NA,NA,NA,NA,NA,NA,NA,4,2,8,NA,2,NA,NA,NA,1,2,NA,NA,NA,NA,NA,NA,NA,23,NA,NA,9,NA,NA,NA,12,10,NA,2,NA,NA,NA,2,NA
2016,20,2016-05-15,1,2,13,NA,NA,NA,2,2,8,12,NA,NA,NA,NA,NA,NA,NA,1,4,5,NA,NA,NA,1,NA,6,3,NA,NA,NA,NA,NA,NA,NA,18,NA,NA,4,NA,NA,NA,15,20,NA,1,NA,NA,NA,9,NA
2016,21,2016-05-22,NA,2,16,1,NA,NA,NA,NA,9,6,NA,NA,NA,NA,NA,NA,NA,3,NA,3,NA,5,NA,1,NA,3,2,NA,NA,NA,NA,NA,NA,NA,19,NA,NA,7,NA,NA,NA,9,21,NA,NA,NA,NA,NA,2,NA
2016,22,2016-05-29,NA,3,9,NA,NA,NA,1,1,14,4,NA,NA,NA,NA,NA,NA,NA,4,2,NA,NA,3,NA,1,NA,NA,1,NA,NA,NA,NA,NA,NA,NA,25,NA,NA,NA,NA,NA,NA,11,22,NA,1,NA,NA,NA,3,NA
2016,23,2016-06-05,NA,NA,5,3,NA,NA,NA,1,10,5,NA,NA,NA,NA,NA,1,NA,8,2,NA,4,8,NA,NA,NA,NA,4,NA,NA,NA,NA,NA,NA,NA,14,NA,NA,6,NA,NA,NA,3,22,NA,NA,NA,NA,NA,1,NA
2016,24,2016-06-12,NA,2,9,1,NA,NA,NA,NA,13,6,1,NA,NA,NA,NA,NA,NA,3,1,1,NA,5,NA,NA,NA,NA,1,NA,NA,NA,NA,NA,NA,NA,15,NA,NA,3,NA,NA,NA,5,19,NA,2,1,NA,NA,4,NA
2016,25,2016-06-19,7,2,6,2,NA,NA,NA,1,4,6,NA,NA,NA,NA,NA,NA,NA,NA,NA,8,NA,2,NA,NA,NA,2,2,NA,NA,NA,NA,NA,NA,NA,8,NA,NA,3,NA,NA,NA,5,18,NA,NA,NA,NA,NA,1,NA
2016,26,2016-06-26,NA,1,6,1,NA,NA,NA,NA,9,2,NA,NA,NA,NA,NA,NA,NA,NA,1,6,NA,NA,NA,1,NA,NA,2,NA,NA,NA,NA,NA,NA,NA,14,NA,NA,3,NA,NA,NA,11,27,NA,NA,1,NA,NA,2,NA
2016,27,2016-07-03,2,NA,3,1,NA,NA,NA,NA,6,3,NA,NA,NA,NA,NA,NA,NA,NA,3,3,7,9,NA,NA,NA,NA,5,NA,NA,NA,NA,NA,NA,NA,10,NA,NA,2,NA,NA,NA,5,11,NA,1,NA,NA,NA,3,NA
2016,28,2016-07-10,1,NA,3,2,NA,NA,NA,NA,13,4,NA,NA,NA,NA,NA,NA,NA,NA,1,2,6,2,NA,NA,NA,NA,2,NA,NA,NA,NA,NA,NA,NA,8,NA,NA,3,NA,NA,NA,6,22,NA,NA,NA,NA,NA,2,NA
2016,29,2016-07-17,NA,3,1,NA,NA,NA,NA,NA,6,2,1,NA,NA,NA,NA,NA,NA,NA,NA,8,NA,3,NA,NA,NA,NA,4,NA,NA,NA,NA,NA,NA,NA,7,NA,NA,1,NA,NA,NA,3,11,NA,NA,NA,NA,NA,1,NA
2016,30,2016-07-24,NA,2,5,NA,NA,NA,NA,NA,3,3,NA,NA,NA,NA,NA,NA,NA,NA,NA,6,1,2,NA,2,NA,NA,NA,NA,NA,NA,NA,NA,NA,NA,8,NA,NA,4,NA,NA,NA,5,14,NA,NA,NA,NA,NA,NA,NA
2016,31,2016-07-31,NA,2,1,2,NA,NA,NA,NA,NA,3,NA,NA,NA,NA,NA,NA,NA,6,NA,5,3,NA,NA,4,NA,1,2,NA,NA,NA,NA,NA,NA,NA,6,NA,NA,NA,NA,NA,NA,8,9,NA,NA,NA,NA,NA,2,NA
2016,32,2016-08-07,NA,2,4,1,NA,NA,NA,NA,4,4,1,NA,NA,NA,NA,NA,NA,2,2,3,NA,3,NA,4,NA,NA,2,NA,NA,NA,NA,NA,NA,NA,5,NA,NA,3,NA,NA,NA,9,11,NA,1,NA,NA,NA,1,NA
2016,33,2016-08-14,NA,NA,3,1,NA,NA,NA,NA,8,3,NA,NA,NA,NA,NA,NA,1,NA,2,6,NA,2,NA,NA,NA,1,5,NA,NA,NA,NA,NA,NA,NA,5,NA,NA,3,NA,NA,NA,1,7,NA,NA,NA,NA,NA,1,NA
2016,34,2016-08-21,NA,2,10,1,NA,NA,NA,NA,6,4,1,NA,NA,NA,NA,NA,NA,NA,NA,1,NA,2,NA,NA,NA,NA,2,NA,NA,NA,NA,NA,NA,NA,4,NA,NA,2,NA,NA,NA,6,14,NA,NA,NA,NA,NA,NA,NA
2016,35,2016-08-28,NA,5,7,2,NA,NA,NA,NA,1,6,NA,NA,NA,NA,NA,NA,NA,NA,NA,3,4,2,NA,2,NA,NA,3,NA,NA,NA,NA,NA,NA,NA,5,NA,NA,4,NA,NA,NA,8,6,NA,2,NA,NA,NA,2,NA
2016,36,2016-09-04,NA,2,7,1,NA,NA,NA,NA,7,6,NA,NA,NA,NA,NA,NA,2,NA,1,NA,NA,2,NA,2,NA,NA,NA,NA,NA,NA,NA,NA,NA,NA,11,NA,NA,NA,NA,NA,NA,6,9,NA,NA,NA,NA,NA,1,NA
2016,37,2016-09-11,2,3,9,NA,NA,NA,NA,NA,2,5,NA,NA,NA,NA,NA,NA,3,NA,1,4,4,NA,NA,5,NA,NA,2,NA,NA,NA,NA,NA,NA,NA,13,NA,NA,3,NA,NA,NA,5,19,NA,NA,NA,NA,NA,3,NA
2016,38,2016-09-18,1,NA,6,1,NA,NA,NA,1,7,6,NA,NA,NA,NA,NA,NA,2,NA,NA,2,NA,3,NA,1,NA,NA,2,NA,NA,NA,NA,NA,NA,NA,13,NA,NA,NA,NA,NA,NA,4,16,1,1,NA,NA,NA,2,NA
2016,39,2016-09-25,2,1,3,1,NA,NA,NA,NA,9,5,NA,NA,NA,NA,NA,NA,4,NA,1,3,NA,4,NA,4,NA,NA,1,1,NA,NA,NA,NA,NA,NA,12,NA,NA,5,NA,NA,NA,9,9,2,NA,NA,NA,NA,2,NA
2016,40,2016-10-02,NA,1,8,NA,NA,NA,NA,NA,7,1,NA,NA,NA,NA,NA,NA,3,NA,NA,NA,NA,2,NA,3,NA,NA,3,NA,NA,NA,NA,NA,NA,NA,11,NA,NA,3,NA,NA,NA,NA,NA,NA,2,NA,NA,NA,NA,NA
2016,41,2016-10-09,NA,3,7,NA,NA,NA,NA,NA,11,4,NA,NA,NA,NA,NA,NA,3,NA,2,5,7,5,NA,6,NA,NA,1,NA,NA,NA,NA,NA,NA,NA,8,NA,NA,5,NA,NA,NA,4,18,4,1,NA,NA,NA,2,NA
2016,42,2016-10-16,2,3,7,1,NA,NA,NA,1,10,6,NA,NA,NA,NA,NA,NA,1,NA,NA,11,4,2,NA,NA,NA,NA,3,NA,NA,NA,NA,NA,NA,NA,13,NA,NA,4,NA,NA,NA,7,12,1,2,NA,NA,NA,6,NA
2016,43,2016-10-23,5,4,8,1,NA,NA,NA,NA,5,9,NA,NA,NA,NA,NA,NA,2,NA,2,9,11,1,NA,2,NA,2,3,NA,NA,NA,NA,NA,NA,NA,17,NA,NA,7,NA,NA,NA,10,15,2,1,NA,NA,NA,1,NA
2016,44,2016-10-30,1,3,6,NA,NA,NA,NA,NA,12,1,NA,NA,NA,NA,NA,NA,1,NA,3,11,6,3,NA,1,NA,1,4,NA,NA,NA,NA,NA,NA,NA,12,NA,NA,3,NA,NA,NA,8,16,1,NA,NA,NA,NA,1,NA
2016,45,2016-11-06,NA,NA,14,NA,NA,NA,NA,NA,10,NA,NA,NA,NA,NA,NA,NA,NA,NA,NA,6,NA,1,NA,NA,NA,1,2,NA,NA,NA,NA,NA,NA,NA,13,NA,NA,5,NA,NA,NA,2,15,NA,NA,NA,NA,NA,2,NA
2016,46,2016-11-13,2,NA,4,1,NA,NA,NA,NA,NA,10,NA,NA,NA,NA,NA,NA,4,NA,1,5,8,4,NA,1,NA,NA,5,1,NA,NA,NA,NA,NA,NA,35,NA,NA,5,NA,NA,NA,19,12,2,2,1,NA,NA,NA,NA
2016,47,2016-11-20,3,NA,9,NA,NA,NA,NA,NA,9,2,NA,NA,NA,NA,NA,NA,NA,NA,1,7,4,6,NA,1,NA,NA,1,NA,NA,NA,NA,NA,NA,NA,11,NA,NA,7,NA,NA,NA,13,15,1,NA,NA,NA,NA,2,NA
2016,48,2016-11-27,1,3,12,2,NA,NA,NA,NA,10,11,NA,NA,NA,NA,NA,NA,7,NA,3,12,10,4,NA,1,7,1,3,1,NA,NA,NA,NA,NA,NA,20,NA,NA,6,NA,NA,NA,18,27,NA,NA,NA,NA,NA,8,NA
2016,49,2016-12-04,NA,NA,8,2,NA,NA,NA,2,13,14,1,NA,NA,NA,NA,NA,6,NA,2,2,8,4,NA,4,NA,NA,4,NA,NA,NA,NA,NA,NA,NA,32,NA,NA,5,NA,NA,NA,25,31,2,1,2,NA,NA,4,NA
2016,50,2016-12-11,4,1,11,NA,NA,NA,NA,1,8,14,NA,NA,NA,1,NA,NA,8,NA,NA,8,5,1,NA,1,NA,NA,2,NA,NA,NA,NA,NA,NA,NA,14,NA,NA,10,NA,NA,NA,23,26,NA,3,NA,NA,NA,2,1
2016,51,2016-12-18,NA,1,10,8,NA,NA,NA,1,9,4,NA,NA,NA,NA,NA,NA,9,NA,NA,6,NA,3,NA,NA,NA,NA,3,NA,NA,NA,NA,NA,NA,NA,NA,NA,NA,6,NA,NA,NA,11,32,1,NA,NA,NA,NA,7,NA
2016,52,2016-12-25,2,2,17,NA,NA,NA,NA,NA,18,NA,NA,NA,NA,NA,NA,NA,2,NA,3,3,NA,9,NA,NA,NA,NA,4,NA,NA,NA,NA,NA,NA,NA,NA,NA,NA,8,NA,NA,NA,9,27,2,NA,NA,NA,NA,NA,NA
2017,1,2017-01-01,6,1,27,2,NA,14,NA,4,26,3,NA,NA,NA,1,NA,NA,11,2,3,2,NA,2,NA,NA,NA,NA,5,NA,NA,NA,NA,NA,NA,NA,43,NA,NA,10,NA,NA,NA,18,4,NA,NA,NA,NA,NA,11,NA
2017,2,2017-01-08,5,NA,19,3,NA,16,NA,NA,9,6,NA,NA,NA,NA,NA,NA,4,4,3,15,NA,2,NA,1,NA,1,1,1,NA,NA,NA,NA,NA,NA,54,NA,NA,7,NA,NA,NA,23,15,2,2,NA,NA,NA,17,NA
2017,3,2017-01-15,5,2,17,2,NA,7,NA,1,8,5,1,NA,NA,NA,NA,NA,4,9,NA,11,NA,NA,NA,NA,NA,1,2,NA,NA,NA,NA,NA,NA,NA,17,NA,NA,9,NA,NA,NA,12,13,1,NA,NA,NA,NA,7,NA
2017,4,2017-01-22,1,2,18,NA,NA,9,NA,1,10,5,NA,NA,NA,NA,NA,NA,6,NA,1,7,13,2,NA,NA,11,1,4,NA,NA,NA,NA,NA,NA,NA,33,NA,NA,5,NA,NA,NA,17,17,2,2,NA,NA,NA,10,NA
2017,5,2017-01-29,NA,NA,20,5,NA,9,NA,NA,23,5,NA,NA,NA,NA,NA,NA,NA,NA,1,5,NA,2,NA,1,NA,NA,3,NA,NA,NA,NA,NA,NA,NA,24,NA,NA,17,NA,NA,NA,11,34,3,NA,1,NA,NA,7,NA
2017,6,2017-02-05,1,NA,22,7,NA,13,NA,3,21,8,4,NA,NA,NA,NA,NA,NA,NA,2,9,NA,2,NA,NA,4,NA,6,NA,NA,NA,NA,NA,NA,NA,NA,NA,NA,4,NA,NA,NA,11,28,NA,NA,NA,NA,NA,5,NA
2017,7,2017-02-12,NA,1,24,NA,NA,16,NA,1,18,8,1,NA,NA,NA,NA,NA,9,NA,1,8,NA,2,NA,NA,13,NA,7,NA,NA,NA,NA,NA,NA,NA,16,NA,NA,7,NA,NA,NA,16,22,4,NA,NA,NA,NA,8,NA
2017,8,2017-02-19,3,1,20,1,NA,15,NA,NA,21,6,1,NA,NA,NA,NA,NA,12,3,1,15,NA,2,NA,NA,11,3,6,NA,NA,NA,NA,NA,NA,NA,33,NA,NA,6,NA,NA,NA,21,23,2,NA,NA,NA,NA,8,NA
2017,9,2017-02-26,NA,NA,15,NA,NA,NA,NA,1,17,12,NA,NA,NA,2,NA,NA,16,3,7,14,20,NA,NA,1,8,NA,3,NA,NA,NA,NA,NA,NA,NA,31,NA,NA,8,NA,NA,NA,18,32,NA,NA,NA,NA,NA,NA,NA
2017,10,2017-03-05,1,4,18,4,NA,NA,NA,NA,16,7,NA,NA,NA,NA,NA,NA,5,2,1,9,NA,6,NA,NA,NA,1,9,1,NA,NA,NA,NA,NA,NA,25,NA,NA,NA,NA,NA,NA,19,43,1,NA,NA,NA,NA,9,NA
2017,11,2017-03-12,1,2,NA,5,NA,NA,NA,NA,9,NA,2,NA,NA,1,NA,NA,1,12,1,2,12,2,NA,NA,7,3,7,1,NA,NA,NA,NA,NA,NA,NA,NA,NA,7,NA,NA,NA,5,37,2,NA,1,NA,NA,NA,NA
2017,12,2017-03-19,2,NA,9,8,NA,14,NA,1,15,8,NA,NA,NA,1,NA,NA,6,1,2,7,NA,1,NA,NA,8,NA,2,NA,NA,NA,NA,NA,NA,NA,28,NA,NA,4,NA,NA,NA,13,27,1,1,NA,NA,NA,9,NA
2017,13,2017-03-26,NA,4,11,12,NA,12,NA,1,17,4,NA,NA,NA,NA,NA,NA,5,5,1,16,NA,2,NA,NA,9,2,3,NA,NA,NA,NA,NA,NA,NA,31,NA,NA,NA,NA,NA,NA,23,26,1,1,1,NA,NA,8,NA
2017,14,2017-04-02,NA,3,7,12,NA,14,NA,NA,19,10,NA,NA,NA,3,NA,NA,NA,NA,5,5,6,NA,NA,NA,9,1,NA,2,NA,NA,NA,NA,NA,NA,27,NA,NA,6,NA,NA,NA,17,19,1,1,NA,NA,NA,10,NA
2017,15,2017-04-09,NA,1,18,5,NA,13,NA,NA,7,NA,1,NA,NA,NA,NA,NA,2,1,NA,12,NA,1,NA,NA,12,NA,2,3,NA,NA,NA,NA,NA,NA,36,NA,NA,6,NA,NA,NA,19,19,NA,NA,NA,NA,NA,NA,NA
2017,16,2017-04-16,NA,2,9,4,NA,13,NA,NA,8,NA,NA,NA,NA,NA,NA,NA,9,5,2,8,19,2,NA,NA,11,2,1,NA,NA,NA,NA,NA,NA,NA,35,NA,NA,3,NA,NA,NA,13,19,NA,2,NA,NA,NA,4,NA
2017,17,2017-04-23,NA,2,16,10,NA,15,1,NA,22,2,NA,NA,NA,NA,NA,NA,1,1,NA,4,NA,3,NA,NA,3,2,2,NA,NA,NA,NA,NA,NA,NA,24,NA,NA,7,NA,NA,NA,7,25,1,NA,NA,NA,NA,7,NA
2017,18,2017-04-30,NA,NA,12,4,NA,10,NA,NA,8,8,NA,NA,NA,NA,NA,NA,4,NA,NA,10,8,2,NA,NA,7,2,1,NA,NA,NA,NA,NA,NA,NA,19,NA,NA,6,NA,NA,NA,10,18,2,4,NA,NA,NA,7,NA
2017,19,2017-05-07,NA,NA,10,8,NA,12,NA,NA,10,2,NA,NA,NA,NA,NA,NA,NA,1,4,4,NA,5,NA,NA,2,NA,3,NA,NA,NA,NA,NA,NA,NA,24,NA,NA,12,NA,NA,NA,7,25,1,2,NA,NA,NA,5,NA
2017,20,2017-05-14,NA,1,11,5,NA,15,NA,NA,7,8,NA,NA,NA,NA,NA,NA,1,NA,4,4,NA,NA,NA,NA,6,NA,2,NA,NA,NA,NA,NA,NA,NA,18,NA,NA,7,NA,NA,NA,7,20,2,NA,NA,NA,NA,6,NA
2017,21,2017-05-21,NA,2,15,9,NA,14,NA,NA,10,NA,NA,NA,NA,NA,NA,NA,NA,NA,1,5,NA,2,NA,NA,6,1,1,NA,NA,NA,NA,NA,NA,NA,21,NA,NA,8,NA,NA,NA,10,23,NA,NA,NA,NA,NA,6,NA
2017,22,2017-05-28,NA,NA,5,2,NA,10,NA,NA,11,NA,NA,NA,NA,NA,NA,NA,NA,NA,4,17,NA,2,NA,NA,5,NA,1,NA,NA,NA,NA,NA,NA,NA,21,NA,NA,8,NA,NA,NA,10,8,1,NA,NA,NA,NA,7,NA
2017,23,2017-06-04,NA,2,9,5,NA,11,NA,NA,25,5,NA,NA,NA,1,NA,NA,3,NA,1,11,NA,NA,NA,NA,4,1,1,NA,NA,NA,NA,NA,NA,NA,23,NA,NA,NA,NA,NA,NA,21,24,NA,NA,1,NA,NA,NA,NA
2017,24,2017-06-11,NA,1,13,3,NA,8,NA,NA,11,4,NA,NA,NA,NA,NA,NA,6,2,1,6,12,2,NA,NA,2,1,2,1,NA,NA,NA,NA,NA,NA,NA,NA,NA,3,NA,NA,NA,10,12,2,1,NA,NA,NA,6,NA
2017,25,2017-06-18,NA,2,12,9,NA,6,NA,NA,8,8,NA,NA,NA,NA,NA,NA,NA,NA,3,9,NA,2,NA,NA,1,NA,2,NA,NA,NA,NA,NA,NA,NA,NA,NA,NA,3,NA,NA,NA,1,16,2,1,NA,NA,NA,2,NA
2017,26,2017-06-25,NA,NA,7,3,NA,8,NA,NA,NA,2,NA,NA,NA,1,NA,NA,1,NA,NA,9,NA,NA,NA,NA,3,3,1,NA,NA,NA,NA,NA,NA,NA,NA,NA,NA,3,NA,NA,NA,5,4,2,1,NA,NA,NA,3,NA
2017,27,2017-07-02,NA,2,1,1,NA,NA,NA,NA,6,NA,NA,NA,NA,NA,NA,2,1,NA,3,NA,NA,NA,NA,1,1,NA,2,NA,NA,NA,NA,NA,NA,NA,13,NA,NA,NA,NA,NA,NA,7,13,2,NA,NA,NA,NA,1,NA
2017,28,2017-07-09,NA,NA,4,2,NA,10,NA,NA,9,2,NA,NA,NA,NA,NA,NA,5,NA,NA,NA,NA,NA,NA,NA,3,NA,2,NA,NA,NA,NA,NA,NA,NA,9,NA,NA,2,NA,NA,NA,4,14,NA,1,NA,NA,NA,2,NA
2017,29,2017-07-16,NA,NA,4,2,NA,5,NA,NA,16,NA,NA,NA,NA,NA,NA,NA,NA,NA,1,NA,NA,1,NA,NA,5,NA,NA,NA,NA,NA,NA,NA,NA,NA,10,NA,NA,2,NA,NA,NA,7,9,NA,NA,NA,NA,NA,NA,NA
2017,30,2017-07-23,NA,2,5,4,NA,6,NA,NA,7,NA,NA,NA,NA,NA,NA,NA,NA,NA,1,NA,NA,1,NA,NA,NA,1,NA,NA,NA,NA,NA,NA,NA,NA,11,NA,NA,3,NA,NA,NA,1,4,NA,2,NA,NA,NA,1,NA
2017,31,2017-07-30,NA,2,5,4,NA,5,NA,NA,3,NA,NA,NA,NA,NA,NA,NA,NA,NA,2,NA,NA,1,NA,NA,2,1,2,NA,NA,NA,NA,NA,NA,NA,8,NA,NA,1,NA,NA,NA,13,6,NA,NA,NA,NA,NA,2,NA
2017,32,2017-08-06,NA,NA,1,7,NA,5,NA,NA,3,1,NA,NA,NA,NA,NA,NA,NA,NA,1,NA,NA,NA,NA,NA,3,2,1,NA,NA,NA,NA,NA,NA,NA,5,NA,NA,NA,NA,NA,NA,7,13,NA,1,NA,NA,NA,2,1
2017,33,2017-08-13,NA,1,2,2,NA,7,NA,NA,6,NA,NA,NA,NA,NA,NA,NA,3,NA,NA,NA,NA,NA,NA,1,1,1,1,NA,NA,NA,NA,NA,NA,NA,13,NA,NA,2,NA,NA,NA,7,7,NA,NA,1,NA,NA,2,NA
2017,34,2017-08-20,NA,1,3,4,NA,4,NA,NA,9,1,NA,NA,NA,NA,NA,NA,NA,NA,1,7,NA,NA,NA,NA,NA,NA,NA,NA,NA,NA,NA,NA,NA,NA,NA,NA,NA,NA,NA,NA,NA,4,6,NA,1,NA,NA,NA,2,NA
2017,35,2017-08-27,NA,NA,9,2,NA,6,NA,NA,NA,1,NA,NA,NA,NA,NA,NA,NA,NA,NA,4,NA,NA,NA,NA,2,NA,1,NA,NA,NA,NA,NA,NA,NA,13,NA,NA,2,NA,NA,NA,NA,6,NA,NA,NA,NA,NA,4,NA
2017,36,2017-09-03,NA,NA,6,2,NA,8,NA,NA,7,NA,NA,NA,NA,NA,NA,NA,NA,NA,NA,3,NA,NA,NA,NA,2,1,NA,1,NA,NA,NA,NA,NA,NA,13,NA,NA,3,NA,NA,NA,6,6,NA,NA,NA,NA,NA,3,NA
2017,37,2017-09-10,NA,3,6,10,NA,14,NA,NA,27,2,NA,NA,NA,NA,NA,NA,1,NA,2,2,2,NA,NA,NA,3,2,NA,NA,NA,NA,NA,NA,NA,NA,17,NA,NA,NA,NA,NA,NA,8,NA,NA,NA,NA,NA,NA,1,NA
2017,38,2017-09-17,NA,NA,10,5,NA,8,NA,NA,15,3,NA,NA,NA,NA,NA,NA,NA,NA,NA,NA,9,NA,NA,NA,8,1,NA,NA,NA,NA,NA,NA,NA,NA,23,NA,NA,3,NA,NA,NA,6,18,NA,NA,NA,NA,NA,4,NA
2017,39,2017-09-24,NA,NA,5,6,NA,14,NA,NA,5,3,NA,NA,NA,NA,NA,NA,5,NA,NA,NA,NA,3,NA,NA,NA,1,NA,NA,NA,NA,NA,NA,NA,NA,21,NA,NA,NA,NA,NA,NA,10,5,NA,1,NA,NA,NA,4,NA
2017,40,2017-10-01,NA,NA,7,4,NA,14,NA,NA,6,1,NA,NA,NA,NA,NA,NA,NA,NA,1,6,NA,1,NA,1,2,NA,NA,NA,NA,NA,NA,NA,NA,NA,17,NA,NA,5,NA,NA,NA,7,NA,NA,NA,NA,NA,NA,1,NA
2017,41,2017-10-08,NA,NA,4,8,NA,9,NA,NA,4,9,NA,NA,NA,NA,NA,NA,1,NA,1,3,NA,1,NA,NA,2,2,NA,1,NA,NA,NA,NA,NA,NA,19,NA,NA,3,NA,NA,NA,7,18,NA,1,NA,NA,NA,3,NA
2017,42,2017-10-15,NA,NA,8,3,NA,10,NA,NA,12,4,NA,NA,NA,1,NA,NA,3,NA,1,5,NA,NA,NA,NA,NA,1,NA,NA,NA,NA,NA,NA,NA,NA,16,NA,NA,6,NA,NA,NA,NA,15,NA,2,1,NA,NA,2,NA
2017,43,2017-10-22,NA,NA,5,5,NA,11,NA,1,7,9,NA,NA,NA,NA,NA,NA,4,NA,1,2,NA,1,NA,NA,5,NA,NA,2,NA,NA,NA,NA,NA,NA,18,NA,NA,3,NA,NA,NA,2,13,NA,1,NA,NA,NA,NA,NA
2017,44,2017-10-29,NA,7,7,2,NA,15,NA,NA,7,5,NA,NA,NA,NA,NA,NA,1,NA,1,2,NA,1,NA,NA,5,1,NA,NA,NA,NA,NA,NA,NA,NA,22,NA,NA,5,NA,NA,NA,4,15,NA,1,NA,NA,NA,5,NA
2017,45,2017-11-05,1,4,18,8,NA,NA,NA,NA,15,1,NA,NA,NA,NA,NA,NA,NA,NA,4,3,5,1,NA,NA,4,NA,NA,NA,NA,NA,NA,NA,NA,NA,23,NA,NA,2,NA,NA,NA,9,20,NA,1,1,NA,NA,8,NA
2017,46,2017-11-12,NA,NA,6,4,NA,NA,NA,NA,19,8,NA,NA,NA,NA,NA,NA,1,NA,NA,5,NA,NA,NA,NA,8,NA,NA,NA,NA,NA,NA,NA,NA,NA,33,NA,NA,7,NA,NA,NA,9,NA,NA,1,NA,NA,NA,2,NA
2017,47,2017-11-19,1,NA,9,4,NA,14,NA,NA,19,8,NA,NA,NA,NA,NA,NA,2,NA,NA,6,2,2,NA,1,8,1,3,NA,NA,NA,NA,NA,NA,NA,12,NA,NA,5,NA,NA,NA,7,3,NA,NA,NA,NA,NA,2,NA
2017,48,2017-11-26,2,NA,14,8,NA,20,NA,1,19,9,NA,NA,NA,NA,NA,NA,NA,4,1,13,6,2,NA,NA,11,3,2,NA,NA,NA,NA,NA,NA,NA,39,NA,NA,4,NA,NA,NA,20,19,NA,NA,1,NA,NA,8,NA
2017,49,2017-12-03,1,NA,16,2,NA,11,NA,1,23,10,NA,NA,NA,NA,NA,3,6,3,3,13,7,3,NA,NA,10,1,3,NA,NA,NA,NA,NA,NA,NA,34,NA,NA,7,NA,NA,NA,15,33,NA,2,NA,NA,NA,8,NA
2017,50,2017-12-10,1,NA,17,8,NA,17,NA,NA,18,8,NA,NA,NA,3,NA,NA,8,5,1,1,NA,NA,NA,NA,13,1,3,2,NA,NA,NA,NA,NA,NA,37,NA,NA,7,NA,NA,NA,16,25,NA,2,NA,NA,NA,3,NA
2017,51,2017-12-17,1,NA,12,9,NA,17,NA,NA,20,6,NA,NA,NA,NA,NA,NA,8,2,1,8,NA,1,NA,NA,12,NA,1,NA,NA,NA,NA,NA,NA,NA,NA,NA,NA,5,NA,NA,NA,9,17,NA,NA,NA,NA,NA,9,NA
2017,52,2017-12-24,2,NA,13,NA,NA,19,NA,1,29,NA,NA,NA,NA,NA,NA,NA,NA,8,5,9,NA,1,NA,NA,NA,NA,NA,NA,NA,NA,NA,NA,NA,NA,NA,NA,NA,6,NA,NA,NA,NA,7,NA,1,NA,NA,NA,7,NA
2018,1,2017-12-31,6,NA,50,1,NA,NA,NA,1,19,3,1,NA,NA,NA,NA,NA,NA,7,3,13,NA,3,NA,NA,18,NA,NA,NA,NA,NA,NA,NA,NA,NA,63,NA,NA,9,NA,NA,NA,3,2,NA,3,NA,NA,NA,9,NA
2018,2,2018-01-07,7,NA,42,19,NA,NA,NA,1,52,10,NA,NA,NA,NA,NA,NA,NA,15,8,20,NA,1,NA,NA,NA,5,4,NA,NA,NA,NA,NA,NA,NA,61,NA,NA,11,NA,NA,NA,19,7,NA,2,NA,NA,NA,7,NA
2018,3,2018-01-14,3,NA,34,8,NA,NA,NA,2,26,10,NA,NA,NA,1,NA,NA,5,NA,1,14,NA,1,NA,1,17,1,6,NA,NA,NA,NA,NA,NA,NA,50,NA,NA,9,NA,NA,NA,3,8,1,1,NA,NA,NA,11,NA
2018,4,2018-01-21,4,NA,33,12,NA,NA,NA,NA,19,16,2,NA,NA,NA,NA,NA,19,NA,1,14,NA,1,NA,NA,15,NA,5,NA,NA,NA,NA,NA,NA,NA,40,NA,NA,6,NA,NA,NA,21,58,4,1,1,NA,NA,4,NA
2018,5,2018-01-28,NA,NA,21,7,NA,NA,1,NA,18,7,NA,NA,NA,NA,NA,NA,2,NA,3,19,NA,NA,NA,NA,14,1,3,NA,NA,NA,NA,NA,NA,NA,24,NA,NA,11,NA,NA,NA,22,38,2,2,NA,NA,NA,18,NA
2018,6,2018-02-04,1,NA,15,13,NA,NA,NA,NA,NA,17,NA,NA,NA,NA,NA,1,9,NA,2,11,NA,NA,NA,NA,13,6,2,NA,NA,NA,NA,NA,NA,NA,39,NA,NA,8,NA,NA,NA,7,62,2,NA,NA,NA,NA,6,NA
2018,7,2018-02-11,2,NA,25,13,NA,NA,NA,NA,24,24,NA,NA,NA,2,NA,NA,NA,20,2,8,8,3,NA,NA,5,NA,2,NA,NA,NA,NA,NA,NA,NA,31,NA,NA,4,NA,NA,NA,17,53,2,1,NA,NA,NA,NA,NA
2018,8,2018-02-18,NA,NA,31,NA,NA,NA,NA,NA,15,15,NA,NA,NA,NA,NA,4,NA,NA,NA,NA,NA,2,NA,6,10,NA,NA,NA,NA,NA,NA,NA,NA,NA,42,NA,NA,8,NA,NA,NA,NA,NA,1,NA,NA,NA,NA,4,NA
2018,9,2018-02-25,1,2,NA,5,NA,NA,NA,NA,23,NA,NA,NA,NA,NA,NA,NA,3,8,3,9,NA,1,NA,6,11,1,8,1,NA,NA,NA,NA,NA,NA,38,NA,NA,8,NA,NA,NA,18,50,2,1,1,NA,NA,8,NA
2018,10,2018-03-04,2,NA,21,11,NA,NA,NA,NA,14,5,NA,NA,NA,2,NA,NA,NA,10,2,10,NA,1,NA,NA,8,4,3,1,NA,NA,NA,NA,NA,NA,NA,NA,NA,8,NA,NA,NA,12,39,NA,NA,NA,NA,NA,NA,NA
2018,11,2018-03-11,2,2,16,14,NA,NA,NA,NA,9,NA,NA,NA,NA,NA,NA,NA,9,10,3,15,NA,1,NA,1,9,3,4,NA,NA,NA,NA,NA,NA,NA,20,NA,NA,3,NA,NA,NA,1,42,NA,3,NA,NA,NA,5,1
2018,12,2018-03-18,NA,NA,28,12,NA,NA,NA,NA,24,9,NA,NA,NA,NA,NA,NA,NA,NA,1,6,7,NA,NA,4,13,1,4,1,NA,NA,NA,NA,NA,NA,28,NA,NA,4,NA,NA,NA,3,32,NA,NA,NA,NA,NA,2,NA
2018,13,2018-03-25,1,6,11,4,NA,19,NA,1,17,9,NA,NA,NA,NA,NA,NA,3,2,3,11,NA,NA,NA,5,7,2,5,2,NA,NA,NA,NA,NA,NA,33,NA,NA,5,NA,NA,NA,4,29,NA,NA,NA,NA,NA,NA,NA
2018,14,2018-04-01,NA,2,18,7,NA,19,NA,NA,15,NA,NA,NA,NA,1,NA,NA,13,NA,2,14,NA,1,NA,1,9,1,3,NA,NA,NA,NA,NA,NA,NA,37,NA,NA,11,NA,NA,NA,NA,14,1,2,NA,NA,NA,10,NA
2018,15,2018-04-08,2,2,23,11,NA,4,NA,NA,12,13,NA,NA,NA,1,NA,NA,14,2,3,9,NA,NA,NA,4,7,2,3,NA,NA,NA,NA,NA,NA,NA,30,NA,NA,9,NA,NA,NA,16,35,NA,NA,NA,NA,NA,4,NA
2018,16,2018-04-15,NA,1,13,4,NA,10,NA,NA,6,NA,NA,NA,NA,NA,NA,NA,12,NA,3,6,NA,1,NA,2,NA,2,4,2,NA,NA,NA,NA,NA,NA,38,NA,NA,9,NA,NA,NA,NA,36,1,1,NA,NA,NA,11,NA
2018,17,2018-04-22,2,2,13,NA,NA,14,NA,NA,13,NA,NA,NA,NA,NA,NA,NA,9,NA,4,7,4,NA,NA,3,12,3,2,NA,NA,NA,NA,NA,NA,NA,29,NA,NA,10,NA,NA,NA,NA,33,2,NA,NA,NA,NA,4,NA
2018,18,2018-04-29,3,2,14,NA,NA,4,NA,1,6,5,NA,NA,NA,NA,NA,NA,10,NA,1,15,NA,2,NA,3,12,NA,1,1,NA,NA,NA,NA,NA,NA,25,NA,NA,7,NA,NA,NA,14,35,2,1,NA,NA,NA,2,NA
2018,19,2018-05-06,2,3,11,NA,NA,19,NA,NA,9,11,NA,NA,NA,NA,NA,NA,1,4,2,8,7,NA,NA,3,NA,2,1,NA,NA,NA,NA,NA,NA,NA,41,NA,NA,12,NA,NA,NA,NA,38,NA,2,NA,NA,NA,8,NA
2018,20,2018-05-13,NA,3,14,NA,NA,10,NA,NA,11,6,NA,NA,NA,NA,NA,NA,6,NA,5,12,NA,1,NA,1,9,NA,2,1,NA,NA,NA,NA,NA,NA,28,NA,NA,4,NA,NA,NA,NA,30,1,NA,NA,NA,NA,4,NA
2018,21,2018-05-20,3,3,4,NA,NA,10,NA,NA,8,10,NA,NA,NA,NA,NA,NA,1,NA,2,7,1,1,NA,NA,8,1,1,NA,NA,NA,NA,NA,NA,NA,23,NA,NA,7,NA,NA,NA,9,5,3,1,NA,NA,NA,NA,NA
2018,22,2018-05-27,NA,1,15,NA,NA,12,NA,NA,3,2,NA,NA,NA,NA,NA,NA,3,3,1,7,NA,NA,NA,2,7,NA,1,NA,NA,NA,NA,NA,NA,NA,NA,NA,NA,4,NA,NA,NA,NA,3,NA,NA,NA,NA,NA,8,NA
2018,23,2018-06-03,1,2,10,NA,NA,10,NA,NA,13,3,1,NA,NA,NA,NA,NA,11,1,4,7,NA,3,NA,5,5,1,4,NA,NA,NA,NA,NA,NA,NA,18,NA,NA,9,NA,NA,NA,NA,NA,NA,NA,1,NA,NA,6,NA
2018,24,2018-06-10,2,NA,12,NA,NA,8,NA,NA,4,6,NA,NA,NA,NA,NA,NA,5,NA,1,5,NA,2,NA,1,4,1,NA,NA,NA,NA,NA,NA,NA,NA,15,NA,NA,5,NA,NA,NA,NA,NA,NA,NA,NA,NA,NA,5,NA
2018,25,2018-06-17,1,NA,5,2,NA,7,NA,NA,10,3,NA,NA,NA,NA,NA,NA,6,2,1,8,NA,NA,NA,3,5,NA,2,NA,NA,NA,NA,NA,NA,NA,16,NA,NA,4,NA,NA,NA,NA,NA,2,NA,NA,NA,NA,2,NA
2018,26,2018-06-24,1,NA,8,1,NA,4,NA,NA,15,4,NA,NA,NA,NA,NA,NA,2,4,NA,6,NA,1,NA,4,6,3,2,NA,NA,NA,NA,NA,NA,NA,7,NA,NA,4,NA,NA,NA,NA,22,1,1,NA,NA,NA,5,NA
2018,27,2018-07-01,NA,NA,4,3,NA,4,NA,NA,5,NA,NA,NA,NA,2,NA,NA,2,1,1,4,NA,NA,NA,NA,2,1,NA,NA,NA,NA,NA,NA,NA,NA,8,NA,NA,2,NA,NA,NA,NA,2,NA,NA,NA,NA,NA,NA,NA
2018,28,2018-07-08,NA,3,8,NA,NA,10,NA,NA,8,4,NA,NA,NA,NA,NA,NA,NA,NA,NA,NA,4,NA,NA,NA,7,NA,NA,NA,NA,NA,NA,NA,NA,NA,14,NA,NA,9,NA,NA,NA,NA,NA,NA,NA,NA,NA,NA,3,NA
2018,29,2018-07-15,NA,5,8,NA,NA,5,NA,NA,6,NA,NA,NA,NA,NA,NA,NA,NA,1,2,5,3,1,NA,2,3,NA,NA,NA,NA,NA,NA,NA,NA,NA,11,NA,NA,6,NA,NA,NA,NA,NA,2,1,1,NA,NA,2,NA
2018,30,2018-07-22,NA,1,4,7,NA,4,NA,NA,7,4,NA,NA,NA,1,NA,NA,3,3,1,10,NA,NA,NA,1,6,2,NA,NA,NA,NA,NA,NA,NA,NA,NA,NA,NA,4,NA,NA,NA,NA,NA,NA,NA,NA,NA,NA,2,NA
2018,31,2018-07-29,NA,6,6,1,NA,7,NA,NA,8,6,NA,NA,NA,NA,NA,NA,2,2,5,5,NA,NA,NA,NA,1,NA,2,NA,NA,NA,NA,NA,NA,NA,8,NA,NA,2,NA,NA,NA,NA,12,1,1,NA,NA,NA,3,NA
2018,32,2018-08-05,1,3,4,1,NA,4,NA,NA,3,1,2,NA,NA,NA,NA,NA,NA,2,NA,2,NA,NA,NA,2,NA,NA,2,NA,NA,NA,NA,NA,NA,NA,7,NA,NA,4,NA,NA,NA,NA,13,NA,NA,NA,NA,NA,2,NA
2018,33,2018-08-12,1,NA,3,5,NA,4,NA,NA,5,1,NA,NA,NA,NA,NA,NA,NA,2,NA,5,NA,NA,NA,2,3,NA,1,NA,NA,NA,NA,NA,NA,NA,11,NA,NA,2,NA,NA,NA,NA,6,NA,NA,NA,NA,NA,2,NA
2018,34,2018-08-19,NA,NA,8,4,NA,6,NA,NA,9,5,NA,NA,NA,NA,NA,NA,2,NA,1,8,NA,1,NA,2,3,NA,NA,1,NA,NA,NA,NA,NA,NA,9,NA,NA,3,NA,NA,NA,NA,6,1,NA,NA,NA,NA,2,NA
2018,35,2018-08-26,NA,1,4,2,NA,8,NA,NA,NA,2,NA,NA,NA,NA,NA,NA,NA,NA,NA,7,NA,1,NA,1,3,NA,1,NA,NA,NA,NA,NA,NA,NA,14,NA,NA,NA,NA,NA,NA,NA,12,NA,NA,NA,NA,NA,3,NA
2018,36,2018-09-02,NA,1,5,NA,NA,NA,NA,NA,5,8,3,NA,NA,NA,NA,NA,NA,2,NA,4,4,NA,NA,5,1,1,NA,NA,NA,NA,NA,NA,NA,NA,14,NA,NA,1,NA,NA,NA,NA,NA,NA,NA,NA,NA,NA,1,NA
2018,37,2018-09-09,1,NA,5,3,NA,15,NA,NA,5,4,1,NA,NA,NA,NA,NA,NA,2,NA,2,NA,1,NA,6,3,NA,NA,NA,NA,NA,NA,NA,NA,NA,6,NA,NA,1,NA,NA,NA,NA,7,NA,3,NA,NA,NA,3,1
2018,38,2018-09-16,NA,1,14,6,NA,11,NA,NA,5,4,NA,NA,NA,NA,NA,NA,1,1,1,4,NA,NA,NA,5,3,1,NA,NA,NA,NA,NA,NA,NA,NA,NA,NA,NA,NA,NA,NA,NA,NA,15,1,2,NA,NA,NA,NA,NA
2018,39,2018-09-23,NA,3,4,4,NA,8,NA,NA,10,1,NA,NA,NA,NA,NA,NA,7,NA,NA,3,NA,NA,NA,2,3,NA,NA,NA,NA,NA,NA,NA,NA,NA,12,NA,NA,3,NA,NA,NA,NA,6,2,1,NA,NA,NA,1,NA
2018,40,2018-09-30,NA,1,7,4,NA,9,NA,NA,4,3,1,NA,NA,1,NA,NA,NA,2,3,2,NA,NA,NA,2,3,2,NA,NA,NA,NA,NA,NA,NA,NA,11,NA,NA,4,NA,NA,NA,NA,11,3,NA,NA,NA,NA,5,NA
2018,41,2018-10-07,NA,4,2,10,NA,7,NA,NA,6,1,NA,NA,NA,NA,NA,NA,NA,NA,NA,5,NA,1,NA,NA,1,2,NA,NA,NA,NA,NA,NA,NA,NA,8,NA,NA,3,NA,NA,NA,NA,17,1,NA,NA,NA,NA,8,NA
2018,42,2018-10-14,NA,2,5,1,NA,9,NA,NA,9,2,1,NA,NA,NA,NA,NA,NA,NA,NA,1,NA,NA,NA,3,3,NA,NA,NA,NA,NA,NA,NA,NA,NA,16,NA,NA,4,NA,NA,NA,NA,4,1,NA,NA,NA,NA,2,NA
2018,43,2018-10-21,NA,NA,10,13,NA,8,NA,1,9,5,NA,NA,NA,NA,NA,NA,1,NA,NA,3,NA,1,1,5,2,2,NA,NA,NA,NA,NA,NA,NA,NA,16,NA,NA,4,NA,NA,NA,NA,18,1,NA,1,NA,NA,3,NA
2018,44,2018-10-28,2,NA,NA,6,NA,17,NA,NA,10,5,NA,NA,NA,NA,NA,NA,2,NA,NA,3,4,NA,NA,3,6,1,1,2,NA,NA,NA,NA,NA,NA,11,NA,NA,7,NA,NA,NA,NA,24,NA,NA,NA,NA,NA,7,NA
2018,45,2018-11-04,NA,5,8,4,NA,14,NA,NA,6,7,NA,NA,NA,NA,NA,NA,NA,2,NA,6,3,NA,NA,1,4,1,4,NA,NA,NA,NA,NA,NA,NA,NA,NA,NA,6,NA,NA,NA,NA,11,1,NA,NA,NA,NA,3,NA
2018,46,2018-11-11,NA,NA,9,12,NA,9,NA,NA,7,4,NA,NA,NA,NA,NA,NA,6,NA,3,11,NA,NA,NA,5,5,1,NA,NA,NA,NA,NA,NA,NA,NA,17,NA,NA,6,NA,NA,NA,NA,18,NA,NA,NA,NA,NA,7,NA
